[-];[-];[-];[-];[-];[kg N/ha/year];[kg N/ha/year];[kg N/ha/year];[kg N/ha/year];[kg N/ha/year];[kg N/ha/year];[kg N/ha/year];[day of year];[-];;[mm]
alpha_transp;alpha_q;c2_transp;c2_q_rz;c2_q_ss;km_denit;km_nit;kmin;kfix;kngl;dmax_denit;dmax_nit;phi_soil_temp;clay;soil_fertility;z_soil
0.55;0.7;0.6;1.5;1.5;6.6670490496738175;3.31454662493624;16.666666666666664;13.333333333333332;19.291893748489898;32.28324250060404;14.287087499664421;91.0;0.2822544050076512;3.0;1350.0
0.55;0.7;0.6;1.5;1.5;6.6670490496738175;4.12909324987248;23.333333333333332;26.666666666666664;19.291893748489898;32.28324250060404;18.574174999328843;91.0;0.2822544050076512;3.0;1350.0
0.55;0.7;0.6;1.5;1.5;6.6670490496738175;4.943639874808721;30.0;40.0;19.291893748489898;32.28324250060404;22.861262498993263;91.0;0.2822544050076512;3.0;1350.0
