[-];[-];[-];[-];[-];[kg N/ha/year];[kg N/ha/year];[kg N/ha/year];[kg N/ha/year];[kg N/ha/year];[kg N/ha/year];[kg N/ha/year];[day of year];[-];;[mm]
alpha_transp;alpha_q;c2_transp;c2_q_rz;c2_q_ss;km_denit;km_nit;kmin;kfix;kngl;dmax_denit;dmax_nit;phi_soil_temp;clay;soil_fertility;z_soil
1.2;0.5;0.6;1.5;1.5;13.108746707894737;4.573726208333333;16.666666666666664;13.333333333333332;49.114568092105266;20.354172763157894;20.91434846491228;91;0.131152855;2.0;1200.0
1.2;0.5;0.6;1.5;1.5;10.92724686368421;7.441904025;30.0;40.0;39.015031776315794;24.393987289473685;36.01002118421053;91;0.182323839;3.5;1500.0
1.2;0.5;0.6;1.5;1.5;7.326545550526315;4.3869210999999995;23.333333333333332;26.666666666666664;22.345118289473678;31.061952684210528;19.931163684210524;91;0.266784734;2.5;1200.0
