-;-;-;-;-;-;-;-;-;-;-;kg N/ha/year;kg N/ha/year;kg N/ha/a;kg N/ha/a;day of year;-;;mm
alpha_transp;alpha_q;c1_transp;c2_transp;c1_q_rz;c2_q_rz;c1_q_ss;c2_q_ss;km_denit;km_nit;kmin;kfix;kngl;dmax_denit;dmax_nit;phi_soil_temp;clay;soil_fertility;z_soil
0.8191648;0.7578944;0.24181038;1.5789286;1.0438038;2.2598102;1.3704597;0.73661536;15.461655;13.233438;82.935486;40.0;19.291893748489898;45.588207;23.496634;91;0.2822544050076512;3;1350
0.55110276;0.27534187;0.48827922;0.46981356;1.1542895;2.9057782;1.4695559;2.4309542;15.935222;16.632471;63.534775;40.0;19.291893748489898;37.709003;55.903893;91;0.2822544050076512;3;1350
0.8868783;0.9804979;0.45724845;0.9867699;1.683049;1.0448935;1.1894714;1.2118558;3.434159;9.42487;76.05069;40.0;19.291893748489898;92.74973;7.3179083;91;0.2822544050076512;3;1350
