-;-;-;-;-;kg N/ha/year;kg N/ha/year;kg N/ha/a;kg N/ha/a;day of year;-;;mm
alpha_transp;alpha_q;km_denit;km_nit;kmin;kfix;kngl;dmax_denit;dmax_nit;phi_soil_temp;clay;soil_fertility;z_soil
0.8191648;0.7578944;15.461655;13.233438;82.935486;40.0;19.291893748489898;45.588207;23.496634;91;0.2822544050076512;3;1350
0.55110276;0.27534187;15.935222;16.632471;63.534775;40.0;19.291893748489898;37.709003;55.903893;91;0.2822544050076512;3;1350
0.8868783;0.9804979;3.434159;9.42487;76.05069;40.0;19.291893748489898;92.74973;7.3179083;91;0.2822544050076512;3;1350
